{"segmentation": [[0.0, 0.0], [10.286439909297052, 0.03154519369071193], [32.345396825396826, 0.010493085229663815], [84.82249433106576, 0.04599950975409417], [131.86612244897958, 0.028014215670902155], [160.61242630385487, 0.017764048194463127], [171.9437641723356, 0.01316821425903038], [190.93768707482994, 0.012721386394865024], [226.2552380952381, 0.014877826701263346], [231.3404081632653, 0.011998141005283782], [245.6671201814059, 0.033784688717128794], [261.8049886621315, 0.0]], "verticals": [[1.9969160997732427, -0.02976992031522438], [2.948934240362812, 0.06000671865008575], [4.365351473922902, 0.045612784627518305], [6.524807256235827, -0.04987502459442947], [8.080544217687075, 0.08538920851120715], [9.659501133786849, -0.06829167416972937], [10.286439909297052, 0.3236741206648867], [12.097596371882085, 0.005732905871892124], [13.096054421768708, -0.01773710044204191], [14.698231292517006, 0.035736353649885144], [15.32517006802721, -0.03745550533235653], [17.22920634920635, 0.014571452641763405], [19.71374149659864, -0.038604161289750194], [22.0821768707483, 0.025310178470043798], [23.219954648526077, 0.007545594590230964], [24.61315192743764, 0.008242317778636488], [25.402630385487527, -0.024120947762423905], [26.865487528344673, 0.024706377365556254], [28.16580498866213, -0.026000555393067504], [32.345396825396826, -0.04200095345009086], [33.18131519274377, 0.06466513514690808], [34.89959183673469, -0.06163584269302186], [35.851609977324266, 0.05675093098003642], [37.151927437641724, -0.015226049160255495], [38.15038548752835, 0.007773602525637302], [39.91510204081633, -0.004527134023066481], [40.91356009070295, -0.030641902061846138], [42.81759637188209, -0.008363948229707652], [44.81451247165533, 0.014758449388199257], [45.60399092970521, 0.003948881438389951], [46.393469387755104, -0.011752855558140873], [48.251065759637186, 0.028907680035351324], [49.73714285714286, -0.018379667633021568], [58.56072562358277, -0.16501679039618894], [59.2108843537415, -0.023353651128990294], [59.69850340136055, -0.002438171085822727], [60.20934240362812, -0.004651006577405137], [60.48798185941043, 0.04103538063835033], [60.836281179138325, -0.019233193820966055], [62.04371882086168, 0.005269900383839177], [63.64589569160998, 0.0277775575791403], [65.54993197278911, 0.07548526202094002], [66.50195011337868, -0.10754836324596234], [67.1288888888889, -0.04272530817187925], [67.75582766439909, 0.03300980456243274], [69.65986394557824, -0.01261713922301455], [70.19392290249434, 0.22188860618881012], [72.19083900226758, -0.025627469161043748], [73.46793650793651, 0.0464636728754243], [75.02367346938776, -0.019762386756141614], [76.27755102040817, -0.006921236461178815], [77.85650793650794, -0.20922846468834033], [78.1815873015873, 0.1770064545988445], [79.43546485260771, -0.2357618820251134], [79.50512471655328, 0.06113454119281403], [80.03918367346938, 0.16679854365163072], [80.38748299319728, -0.18138610207726769], [80.71256235827664, 0.19414302416451773], [82.61659863945579, 0.024955150354253663], [84.4974149659864, -0.3347421313516319], [84.82249433106576, 0.32981164349801295], [85.96027210884354, -0.004184820833607439], [87.65532879818593, 0.005066309296481775], [88.90920634920634, -0.012235848003263106], [90.48816326530613, 0.0021397706038168707], [90.81324263038549, -0.01058064895358235], [92.94947845804988, 0.007573778275066834], [95.29469387755103, 0.028450802669401754], [96.20027210884354, 0.006420152241596311], [97.75600907029478, 0.0015578457088525344], [98.42938775510204, 0.02752404060756586], [100.93714285714286, -0.04433841329347599], [102.9340589569161, 0.03373304599604399], [104.04861678004535, -0.06479317611124463], [105.13995464852607, 0.041746063364936525], [106.30095238095238, -0.02853647604479287], [107.41551020408163, -2.1808379714771675e-05], [108.83192743764172, -0.0031458296232826366], [109.48208616780046, 0.04377324332240107], [111.33968253968254, -0.01211541645554215], [113.22049886621315, -0.008512363625318486], [114.0564172335601, 0.010442130183809684], [115.75147392290249, -0.047132989037579065], [116.70349206349206, 0.003368682021837488], [118.23600907029478, 0.0066591144003879665], [119.09514739229024, 0.00270762448233397], [119.83818594104308, -0.23091972771518815], [120.7437641723356, 0.219023856685937], [121.44036281179139, 0.009079840923574722], [122.83356009070295, 0.015916341352433305], [123.64625850340136, -0.1670192252588103], [124.203537414966, 0.16139581688855742], [125.6431746031746, 0.004124407768836824], [126.47909297052155, -0.03214455218938295], [127.24535147392291, -0.16519157364814124], [128.3831292517007, 0.1915512500052432], [129.1958276643991, -0.030986055551417924], [130.91410430839002, 0.012588062450210713], [131.86612244897958, -0.1267885940477425], [132.237641723356, -0.033479446679429925], [132.4930612244898, 0.06121971965289341], [133.93269841269841, -0.02572647907962028], [135.32589569161, -0.057476403725771896], [135.48843537414967, 0.03563012043044461], [135.76707482993197, -0.04125878447116349], [135.99927437641725, 0.01211402601489825], [136.25469387755103, 0.04628108000694864], [137.53179138321997, -0.03013221401762667], [139.0875283446712, -0.007350580858635991], [139.7144671201814, 0.021360027383714453], [141.0612244897959, -0.0018260536061437405], [142.22222222222223, -0.01198405093243865], [143.1742403628118, -0.0023412990831929714], [143.5457596371882, 0.005895915511370253], [144.72997732426305, 0.01969266037700118], [145.44979591836736, -0.03050516347314247], [146.07673469387754, 0.12148758394858067], [148.4451700680272, -0.17556796106467892], [148.90956916099773, 0.04617228414392571], [149.21142857142857, -0.027065843529479272], [149.55972789115646, 0.0015688473538272851], [149.88480725623583, -0.007089891670944537], [150.76716553287983, -0.020491339172861445], [151.44054421768706, 0.024891271842621687], [152.06748299319727, 0.23442550081879687], [153.64643990929704, -0.027648447171149115], [154.2965986394558, 0.027623558045407504], [155.2253968253968, -0.3064290588907353], [155.5504761904762, 0.034485027428489606], [155.87555555555556, 0.24783280090983476], [156.85079365079366, 0.025006223521506388], [158.4065306122449, -0.024623994585484865], [159.98548752834466, -0.20445693755101157], [160.2873469387755, 0.020508515217285972], [160.61242630385487, 0.18215988813415984], [161.93596371882086, 0.01650568376321876], [163.44526077097507, -0.003880136058359629], [164.69913832199546, 0.015382466735059941], [166.27809523809523, -0.010075635749145273], [167.23011337868482, -0.01826466907377855], [167.857052154195, -0.2969423288027101], [168.18213151927438, 0.30856025904899587], [168.50721088435375, -0.019192361824510007], [170.38802721088436, -0.22661467428288515], [170.7131065759637, 0.21773471780386797], [171.9437641723356, -0.10470773033991121], [173.52272108843536, -0.05369902575095026], [173.84780045351474, 0.06428121159220085], [176.4019954648526, -0.04507588855421912], [177.05215419501133, 0.03159078379831187], [178.93297052154196, -0.08765208819842218], [179.81532879818593, 0.08289086808036578], [180.95310657596372, -0.05548212445297229], [182.1837641723356, 0.02947092131166318], [183.62340136054422, 0.017182184288940028], [185.9918367346939, -0.07470482445701326], [187.36181405895692, 0.06447237226438618], [188.08163265306123, -0.10384295126436618], [188.75501133786847, 0.08649356037872633], [190.93768707482994, 0.13478447169983182], [192.81850340136054, -0.017068489853688806], [195.34947845804987, -0.017011791897241946], [196.90521541950113, 0.00865153516851458], [197.55537414965985, -0.01908096124412234], [197.8572335600907, -0.007840100390340055], [199.11111111111111, 0.005565564871152395], [199.76126984126984, 0.013111074853488558], [200.0863492063492, -0.02805679192398025], [200.41142857142856, 0.04470961788073308], [202.2922448979592, 0.014116786083410549], [202.91918367346938, -0.029288059723716953], [203.24426303854875, 0.018748211186773334], [203.5461224489796, 