{"segmentation": [[0.0, 0.0], [9.636281179138322, 0.04463283114689652], [28.560544217687074, 0.08397929888876425], [57.330068027210885, 0.0135811876708747], [63.55301587301587, 0.012678601556161836], [78.01904761904763, 0.04151968916264797], [92.0671201814059, 0.02471644775227975], [121.53324263038549, 0.013444023451732956], [133.23609977324264, 0.027917928564158794], [141.64172335600907, 0.03064719602294761], [163.28272108843538, 0.01626824686680561], [175.4964172335601, 0.012940362999101852], [195.92997732426304, 0.022201868715197415], [213.6235827664399, 0.012838552102307953], [233.24444444444444, 0.0]], "verticals": [[1.4628571428571429, 0.007252863720822622], [3.436553287981859, 0.0010746991761652336], [9.636281179138322, 0.19038047929998553], [10.913378684807256, 0.018514572797563467], [12.887074829931972, 0.023248864226547206], [13.862312925170068, -0.16061890928785783], [14.187392290249432, 0.027191508976075196], [14.44281179138322, -0.0035800811197820304], [15.32517006802721, 0.12788517706011043], [17.020226757369613, -0.10062332340417685], [18.297324263038547, 0.0415866296757596], [19.22612244897959, -0.02120520462997466], [20.17814058956916, 0.010170192013207124], [20.526439909297054, 0.018090908908685033], [20.94439909297052, -0.08057327593854649], [21.31591836734694, 0.042724898466447975], [22.825215419501134, 0.05722491863354767], [25.774149659863944, -0.034869701738292735], [26.81904761904762, 0.042269624915305504], [27.93360544217687, 0.010004173795548243], [28.096145124716553, -0.06617380960648023], [28.560544217687074, 0.3104760073997], [30.093061224489794, 0.010894155318303178], [31.161179138321994, 0.015585685918279024], [32.670476190476194, 0.00491148266553576], [33.25097505668934, -0.0024387192363268806], [34.43519274376417, 0.024430417714872532], [35.92126984126984, -0.0044005837002246695], [39.03274376417234, -0.1888447906550264], [39.63646258503401, -0.028706316435669066], [42.0281179138322, -0.010397507750449064], [42.515736961451246, -0.029653105886989495], [42.956916099773245, -0.006726368144103045], [43.25877551020408, 0.017329362129683556], [44.95383219954648, 0.035836727273255264], [47.438367346938776, 0.00010748987066389049], [47.74022675736961, 0.013288547784150728], [49.574603174603176, 0.030826902180215054], [51.037460317460315, -0.021295690570295345], [51.61795918367347, -0.08804699179870251], [51.919818594104306, 0.14689486061852036], [54.00961451247166, -0.005723375707691103], [54.63655328798186, -0.018283025703550004], [55.240272108843534, 0.033068892913684866], [57.330068027210885, 0.10054810270358783], [59.14122448979592, -0.012002920849144227], [59.60562358276644, 0.0023565095419013637], [61.50965986394558, -0.05432168972553819], [62.62421768707483, -0.07746312653144022], [63.55301587301587, 0.13308451855622178], [64.22639455782313, -0.023934642098766834], [66.339410430839, 0.015674233477912636], [68.12734693877552, -0.2227353598549675], [68.45242630385488, 0.24212413300504199], [68.73106575963719, -0.04168492267623336], [70.54222222222222, 0.01234693521869501], [72.2140589569161, -0.11262488350925992], [72.8409977324263, 0.02851201532851777], [73.46793650793651, 0.0876562423758026], [74.60571428571428, -0.09372157825855065], [75.78993197278912, 0.00802880398024175], [78.01904761904763, 0.13072624959757873], [80.73578231292517, 0.009761399428731776], [83.03455782312925, -0.030509937216516736], [85.54231292517007, 0.030847653052940238], [88.11972789115646, -0.10032857532457706], [89.00208616780046, -0.00920049023178815], [89.95410430839003, 0.07881658078628506], [90.51138321995465, -0.010808150757277923], [92.0671201814059, -0.27764718144282746], [92.27609977324263, 0.30366764744701186], [92.43863945578231, -0.01648813331191412], [95.13215419501134, 0.019669394524721606], [99.31174603174603, -0.1937127246048726], [99.61360544217688, -0.07062312496918643], [99.91546485260771, 0.05009221715189838], [100.82104308390022, -0.042113284761971126], [102.02848072562358, -0.0060615793889704506], [102.30712018140589, 0.042323800112900156], [103.79319727891156, -0.040834036984219446], [103.86285714285714, 0.043674918296209175], [105.62757369614512, 0.032083038673032194], [106.20807256235828, 0.020313121536619017], [108.62294784580499, -0.059107316308492586], [108.9015873015873, -0.023193675249536916], [109.18022675736961, -0.026238243925406968], [110.4108843537415, 0.1579126993834445], [111.94340136054421, -0.07042658375414046], [112.22204081632653, 0.06996981929249779], [113.29015873015874, 0.07015398504955395], [116.42485260770975, 0.05911969603652312], [117.539410430839, -0.03150515109976326], [119.14158730158731, -0.1653615278470867], [119.30412698412698, 0.13959126062065286], [119.60598639455782, -0.10767192814542514], [121.53324263038549, 0.08054830366835886], [123.64625850340136, 0.04064994585564874], [125.59673469387755, -0.11241266556305773], [126.5255328798186, 0.08485101041902776], [128.05804988662132, 0.016313873756474306], [129.8227664399093, -0.10624944322325403], [130.49614512471655, -0.06720668967640253], [130.84444444444443, 0.1859699282762286], [131.09986394557822, -0.005811263479985396], [132.2144217687075, -0.09609448132839615], [133.23609977324264, 0.069951827782049], [135.85995464852607, -0.20818279228637104], [136.27791383219954, 0.06460826361574212], [138.6463492063492, 0.005113330106008673], [140.45750566893423, -0.026341664642209883], [141.64172335600907, 0.10940945583343509], [143.9637188208617, -0.021964953381490182], [148.23619047619047, -0.005715197535359762], [150.07056689342403, -0.017617211963941504], [155.43437641723355, -0.057261745502195927], [156.06131519274376, 0.007508596583128135], [157.50095238095238, -0.12100306678513917], [157.89569160997732, 0.03563115259642985], [158.42975056689343, 0.006109014445398464], [158.61551020408163, 0.10524595540836379], [160.24090702947845, -0.22014346860198702], [160.5427664399093, 0.11883772262096182], [160.79818594104307, -0.04276808131226223], [163.2130612244898, 0.055838312157381165], [163.28272108843538, 0.03186242111832316], [164.04897959183674, -0.013272084785618088], [164.44371882086168, 0.00909922665316798], [165.02421768707484, -0.038962286756319575], [165.34929705215418, -0.006327613313387659], [166.23165532879818, 0.0638845724910852], [166.53351473922902, -0.09882347779108436], [166.83537414965986, 0.021039387134655807], [167.1372335600907, 0.02501012718089729], [167.39265306122448, 0.02113254280990906], [168.0195918367347, 0.05201983727614956], [169.25024943310657, -0.1349194668349218], [169.50566893424036, 0.011762289150654193], [169.83074829931974, 0.05145137012934253], [170.13260770975057, -0.00876435734657699], [170.504126984127, 0.025571451727876726], [172.01342403628118, 0.023317948133887212], [172.45460317460316, -0.007077650408779335], [173.40662131519275, 0.025939462179257133], [173.82458049886623, 0.006330611257085117], [175.4964172335601, -0.08170448803279062], [175.82149659863944, 0.06768630265874304], [176.1233560090703, -0.01976798189376794], [176.4019954648526, -0.023499323010762463], [176.70385487528344, 0.03389347595414338], [176.91283446712018, -0.015866248575478303], [177.33079365079365, -0.019202398388460218], [177.6326530612245, 0.029937155914442237], [179.09551020408162, 0.015949239779818825], [179.39736961451248, -0.01560103676832375], [179.72244897959183, 0.020288665489348878], [180.02430839002267, -0.04564278384079379], [186.68843537414966, 0.15435707218454575], [188.38349206349207, -0.10046804403986576], [188.75501133786847, 0.05214714110743235], [189.63736961451247, 0.08389444811553115], [189.9392290249433, -0.027707842796986015], [190.24108843537414, 0.01230614455346879], [191.28598639455782, -0.18616971004078925], [191.9825850340136, 0.2704521710477112], [193.53832199546486, -0.021060836845746778], [194.60643990929705, -0.13144314267618962], [195.92997732426304, 0.11201559132481964], [196.99809523809523, -0.0647547846699178], [197.88045351473923, 0.08067002899873477], [198.62349206349205, 